"ID_BUILD","ID_SOURCE"
"2","w63196994"
"5","w63195487"
"6","w63198072"
"7","w157706427"
"10","w63202975"
"11","w69220712"
"12","w63203549"
"14","w63203453"
"15","w63200998"
"17","w63201055"
"19","w63201919"
"20","w63195591"
"21","w63199284"
"22","w63195501"
"24","w63201532"
"43","w63197757"
"46","w63201063"
"47","w63196480"
"49","w63199861"
"50","w63195843"
"56","w63201287"
"60","w63203714"
"61","w63201394"
"62","w63200145"
"65","w63203740"
"67","w63202548"
"68","w63203750"
"69","w63195838"
"72","w63201096"
"73","w678987698"
"75","w63201011"
"78","w63195921"
"79","w69220387"
"80","w63202730"
"83","w63195571"
"84","w63199034"
"86","w69220774"
"87","w69221037"
"88","w63195795"
"90","w63199152"
"91","w63203612"
"93","w63201478"
"94","w63198192"
"95","w63203953"
"98","w63203943"
"101","w63200163"
"102","w63197013"
"103","w63196641"
"104","w63203452"
"105","w63202936"
"106","w63201736"
"107","w63203791"
"108","w63199141"
"109","w63203564"
"110","w63198041"
"111","w63201907"
"112","w63200355"
"115","w63203158"
"116","w63197276"
"117","w63201740"
"123","w63201216"
"126","w63200408"
"127","w63202865"
"129","w63201147"
"132","w63201057"
"133","w63199407"
"134","w63200733"
"136","w63198948"
"138","w63197056"
"141","w63195878"
"142","w63201168"
"143","w63199699"
"146","w63201322"
"152","w63195486"
"155","w69220070"
"156","w63201325"
"157","w63195405"
"158","w63199269"
"159","w63201652"
"161","w69220895"
"163","w63201956"
"169","w63197225"
"171","w63201448"
"173","w63203760"
"182","w63202859"
"183","w63201488"
"186","w63200906"
"187","w63202668"
"195","w63199980"
"198","w63201054"
"199","w63203592"
"201","w63195709"
"203","w63203548"
"204","w63198089"
"211","w63201173"
"212","w63195750"
"215","w54989449"
"221","w54970419"
"223","w54970494"
"224","w54970455"
"229","w55029445"
"231","w55029455"
"232","w55029464"
"234","w55046237"
"238","w55029441"
"243","w55015212"
"247","w55046176"
"252","w55046169"
"253","w55046184"
"257","w55046138"
"258","w55015189"
"260","w55015199"
"264","w54989470"
"271","w55005984"
"274","w54970385"
"281","w54989440"
"283","w54970492"
"284","w54916743"
"285","w54967585"
"288","w54970402"
"289","w54970516"
"290","w54953435"
"292","w54967566"
"293","w54970459"
"297","w54916632"
"298","w54967568"
"299","w54967557"
"303","w54967572"
"304","w54967589"
"307","w54970396"
"308","w54953400"
"310","w54967575"
"311","w54967567"
"315","w54967556"
"316","w54938627"
"317","w54970391"
"318","w54953401"
"319","w54970416"
"320","w54967555"
"321","w54970495"
"322","w54967578"
"323","w54967588"
"324","w54967561"
"325","w54967577"
"326","w54967569"
"329","w54916763"
"333","w55046196"
"334","w54916716"
"335","w54967581"
"337","w54916671"
"341","w54967570"
"349","w55046267"
"350","w55046213"
"351","w55046271"
"354","w54916695"
"355","w54916640"
"360","w55006004"
"361","w55015207"
"362","w55015190"
"364","w55015201"
"365","w55015194"
"366","w1117694502"
"371","w56317198"
"374","w55015222"
"377","w55015193"
"379","w55015204"
"380","w55015203"
"383","w56320008"
"389","w56435826"
"392","w56435772"
"393","w56435823"
"398","w56435807"
"399","w56435792"
"400","w56435799"
"405","w56455699"
"407","w56435787"
"412","w56435797"
"413","w54964253"
"414","w56435833"
"417","w56435783"
"418","w56455700"
"420","w56435815"
"421","w56456262"
"422","w56456253"
"423","w56435840"
"424","w56455704"
"426","w56456266"
"427","w56435813"
"428","w56456250"
"429","w56456258"
"430","w56435774"
"431","w56435802"
"432","w56435831"
"435","w56456256"
"440","w642220483"
"442","w468100360"
"460","w54939204"
"462","w54953377"
"463","w54953454"
"464","w54953385"
"465","w54939203"
"470","w54953461"
"479","w54939224"
"487","w54970444"
"490","w54953407"
"493","w54953422"
"495","w54953341"
"504","w54953403"
"505","w54970424"
"506","w54970381"
"513","w54953438"
"526","w54953453"
"528","w54953445"
"530","w54953431"
"532","w54953345"
"533","w54979139"
"535","w54953393"
"536","w54953447"
"538","w54953353"
"539","w54953441"
"540","w54953370"
"541","w54953439"
"556","w54989464"
"557","w54989448"
"558","w54989446"
"564","w54979137"
"571","w54979133"
"572","w54970518"
"574","w54979193"
"575","w54970445"
"579","w54979136"
"581","w54989427"
"582","w54982818"
"585","w54970447"
"586","w54970435"
"589","w54970389"
"601","w54970515"
"603","w629815606"
"608","w54970450"
"611","w54979176"
"612","w54970432"
"614","w54979157"
"615","w54979192"
"616","w54970425"
"618","w54970437"
"624","w54963897"
"627","w54964243"
"630","w629815604"
"631","w629815601"
"632","w629815605"
"633","w629815602"
"641","w54970382"
"658","w54953350"
"660","w629815607"
"665","w54970502"
"667","w54982928"
"668","w54983888"
"670","w54983863"
"672","w54989447"
"680","w54983053"
"681","w56305226"
"683","w56305183"
"685","w56305209"
"686","w56305224"
"690","w56303943"
"692","w56305217"
"702","w56305179"
"703","w54982976"
"704","w56305196"
"707","w56315562"
"709","w56315588"
"710","w56315572"
"715","w56305214"
"717","w56315592"
"718","w56315577"
"719","w56315565"
"720","w56315570"
"723","w56315569"
"725","w56315575"
"728","w56315579"
"729","w56305206"
"732","w56305213"
"733","w56305187"
"735","w54964304"
"739","w56651281"
"740","w56472889"
"741","w56651321"
"742","w56472872"
"745","w56670637"
"746","w56472891"
"748","w56651312"
"749","w56651304"
"751","w56651317"
"753","w56651297"
"754","w56651309"
"756","w56472894"
"757","w56651301"
"758","w56651320"
"760","w56651313"
"762","w56472892"
"763","w56651303"
"764","w56651282"
"765","w56651302"
"766","w56651318"
"767","w56651316"
"768","w54964233"
"770","w54964001"
"776","w1202073740"
"777","w1202073741"
"782","w56472875"
"783","w56474044"
"786","w56474025"
"788","w56474040"
"790","w56472900"
"792","w56463585"
"794","w233841244"
"796","w56474028"
"798","w56474045"
"799","w56463573"
"803","w56472899"
"804","w56472878"
"805","w56475679"
"806","w56474038"
"807","w56474026"
"808","w56472886"
"809","w56472897"
"814","w56474036"
"817","w56474031"
"818","w56472903"
"819","w56472902"
"823","w56472880"
"824","w56463583"
"828","w56454771"
"829","w56460874"
"830","w54963900"
"831","w56463554"
"832","w56465318"
"838","w56463551"
"840","w56460872"
"844","w56463546"
"848","w56454773"
"849","w56465320"
"854","w56457517"
"858","w56463579"
"862","w56463568"
"865","w56457510"
"866","w56463570"
"868","w56463575"
"869","w56463553"
"871","w56463552"
"875","w56463557"
"878","w56463580"
"881","w56463560"
"882","w56700095"
"886","w56463565"
"887","w56463582"
"901","w56475690"
"903","w63197819"
"905","w63202764"
"906","w63203115"
"909","w63203658"
"912","w63202082"
"917","w63201686"
"919","w63203652"
"924","w63203047"
"926","w63200114"
"928","w63203663"
"929","w63202261"
"930","w63203402"
"932","w63196924"
"934","w63197140"
"935","w63198537"
"936","w63203447"
"937","w63202930"
"938","w63195446"
"941","w63203283"
"942","w63200697"
"943","w63201048"
"944","w63201388"
"945","w63202773"
"949","w63196763"
"950","w63203456"
"953","w63202803"
"954","w63195725"
"955","w63201913"
"957","w63203873"
"958","w63197346"
"960","w63195925"
"961","w63196635"
"969","w63203333"
"974","w63203558"
"976","w63199411"
"977","w63200930"
"979","w63203888"
"987","w63199391"
"989","w63203684"
"991","w63202858"
"999","w63202939"
"1000","w63203717"
"1012","w63196303"
"1013","w63195610"
"1014","w63203145"
"1015","w63203228"
"1021","w63202971"
"1022","w63200889"
"1023","w63203195"
"1024","w63201992"
"1029","w63195961"
"1030","w63196392"
"1034","w63200663"
"1037","w63201594"
"1040","w63199110"
"1042","w63202077"
"1046","w69220359"
"1047","w804714925"
"1048","w63201760"
"1049","w111656074"
"1050","w69220253"
"1052","w55263334"
"1054","w63196143"
"1056","w63199954"
"1057","w69220574"
"1059","w69220287"
"1064","w69220979"
"1066","w69220876"
"1067","w63195823"
"1078","w69220796"
"1080","w63197117"
"1081","w63201241"
"1084","w63199675"
"1086","w63200241"
"1088","w145620318"
"1090","w55263265"
"1091","w63200971"
"1092","w63201109"
"1093","w63203936"
"1096","w55263281"
"1099","w63201472"
"1116","w63195687"
"1119","w63203754"
"1120","w55263348"
"1124","w63201324"
"1129","w63200771"
"1130","w63201352"
"1136","w63203076"
"1139","w63200342"
"1142","w63201681"
"1146","w55263270"
"1147","w55263279"
"1148","w54901210"
"1149","w63203233"
"1150","w54901136"
"1151","w54901190"
"1152","w54901181"
"1159","w63201640"
"1161","w63201473"
"1162","w63195513"
"1165","w63195427"
"1166","w63196373"
"1168","w63195812"
"1170","w63200630"
"1171","w63199389"
"1172","w63198557"
"1173","w63195629"
"1174","w63201141"
"1177","w63197036"
"1178","w63203288"
"1181","w63201334"
"1182","w63201068"
"1183","w63202664"
"1184","w63203880"
"1193","w63195757"
"1194","w63201714"
"1196","w63202943"
"1197","w63203428"
"1198","w280486275"
"1199","w63202689"
"1203","w63202857"
"1205","w56370735"
"1206","w56383124"
"1207","w56347052"
"1209","w56370719"
"1212","w56370725"
"1216","w56347044"
"1221","w56347102"
"1223","w56370749"
"1226","w63202541"
"1228","w56347053"
"1230","w63198273"
"1231","w56347060"
"1232","w313319065"
"1234","w63198971"
"1238","w56370805"
"1241","w63200927"
"1245","w56435811"
"1246","w56435793"
"1247","w56370788"
"1252","w56370756"
"1253","w56370760"
"1259","w56435821"
"1261","w56435835"
"1264","w56370724"
"1265","w56435781"
"1266","w56370761"
"1267","w56370795"
"1269","w56370819"
"1274","w63201393"
"1275","w63201803"
"1277","w1124517607"
"1279","w63195693"
"1282","w63203586"
"1286","w63202139"
"1287","w63201113"
"1291","w63203000"
"1298","w63202845"
"1300","w63197264"
"1304","w63195665"
"1305","w63202729"
"1309","w56370758"
"1311","w56370716"
"1312","w56370722"
"1313","w56347108"
"1317","w56347063"
"1318","w56347114"
"1322","w56321006"
"1323","w56347028"
"1324","w56370832"
"1325","w54964149"
"1326","w56320998"
"1331","w56321007"
"1336","w56319989"
"1338","w63202166"
"1339","w1052348020"
"1342","w55090651"
"1345","w55025959"
"1346","w55026005"
"1347","w55090683"
"1348","w55026009"
"1351","w55025973"
"1353","w55025980"
"1354","w63199583"
"1356","w55025981"
"1357","w54963941"
"1363","w55025987"
"1366","w55026015"
"1368","w63195440"
"1369","w63201042"
"1371","w55018780"
"1374","w55018773"
"1376","w55018814"
"1378","w56319996"
"1379","w55018788"
"1380","w55018806"
"1382","w55018768"
"1384","w55018813"
"1390","w56321001"
"1395","w55015221"
"1398","w56320001"
"1399","w55018821"
"1401","w56319992"
"1402","w55015185"
"1403","w55018760"
"1406","w55015186"
"1412","w55018795"
"1414","w55018777"
"1415","w56320011"
"1422","w55178160"
"1429","w55180563"
"1435","w615880980"
"1437","w55178127"
"1441","w615880981"
"1446","w55178240"
"1457","w55178139"
"1458","w55178204"
"1460","w55178116"
"1464","w55180505"
"1465","w55178149"
"1470","w55178126"
"1472","w55178222"
"1473","w55180521"
"1476","w55178165"
"1477","w55178231"
"1479","w55178142"
"1482","w55180559"
"1487","w54901109"
"1488","w55180537"
"1489","w55180553"
"1496","w54901071"
"1498","w54901130"
"1500","w54901083"
"1504","w54901170"
"1508","w54901156"
"1509","w55180561"
"1510","w55178176"
"1511","w55090669"
"1512","w55046143"
"1528","w55178161"
"1530","w55046162"
"1533","w55046155"
"1534","w55046224"
"1536","w55178238"
"1539","w55046129"
"1541","w55046149"
"1545","w55046244"
"1549","w54916639"
"1552","w55046147"
"1553","w55046173"
"1554","w55046168"
"1555","w55046239"
"1556","w55046142"
"1557","w55046243"
"1558","w55046246"
"1560","w55046204"
"1563","w55046228"
"1568","w55046250"
"1570","w55046242"
"1571","w55046233"
"1573","w55046139"
"1574","w55046262"
"1577","w55046198"
"1578","w55046206"
"1581","w55046257"
"1582","w55046190"
"1586","w55046259"
"1590","w55046220"
"1593","w55046128"
"1599","w55046201"
"1600","w55046214"
"1601","w55046189"
"1609","w54916720"
"1613","w55090652"
"1616","w55178182"
"1623","w55090676"
"1629","w55090633"
"1632","w55178152"
"1634","w55178119"
"1638","w55090605"
"1639","w55178140"
"1641","w55090654"
"1645","w55090665"
"1646","w55090632"
"1652","w55090650"
"1656","w55090623"
"1660","w55090642"
"1666","w55090629"
"1667","w55015187"
"1676","w55090661"
"1677","w55090621"
"1678","w55090645"
"1679","w55090639"
"1681","w55090620"
"1682","w55090675"
"1683","w55090685"
"1684","w55090611"
"1685","w55090638"
"1686","w55090680"
"1687","w55090684"
"1688","w55090647"
"1691","r983426"
"1692","r984196"
"1696","r982992"
"1697","r983523"
"1698","r983742"
"1700","r984079"
"1701","r984094"
"1702","r983654"
"1703","r984118"
"1705","r983956"
"1706","r983935"
"1708","r983569"
"1710","r1085189"
"1711","r983592"
"1712","r984018"
"1714","r1085209"
"1715","r983127"
"1716","r1085222"
"1717","r983323"
"1719","r984111"
"1720","r984123"
"1722","r983653"
"1723","r983122"
"1724","r983539"
"1726","r982989"
"1729","r983951"
"1731","r983270"
"1736","r984012"
"1739","r983655"
"1740","r983327"
"1746","r983229"
"1752","r10663354"
"1759","r984166"
"1763","r983773"
"1765","r983153"
"1766","r984142"
"1767","r983006"
"1768","r983571"
"1770","r983967"
"1773","r983634"
"1774","r983269"
"1777","r983585"
"1780","r983874"
"1782","r983867"
"1785","r983723"
"1786","r983877"
"1787","r983093"
"1788","r983821"
"1790","r983086"
"1791","r983213"
"1792","r983796"
"1793","r983357"
"1794","r983999"
"1795","r984052"
"1799","r983783"
"1800","r984135"
"1801","r983458"
"1804","r984023"
"1805","r983414"
"1806","r983205"
"1808","r983730"
"1809","r983777"
"1811","r984112"
"1812","r983732"
"1813","r983468"
"1814","r984125"
"1815","r983728"
"1817","r983509"
"1819","r983704"
"1820","r983661"
"1821","r983911"
"1823","r983339"
"1825","r984167"
"1826","r984050"
"1829","r983465"
"1830","r983577"
"1832","r983845"
"1833","r983267"
"1834","r551681"
"1836","r551682"
"1837","r551686"
"1838","r551698"
"1840","r551690"
"1841","r551688"
"1842","r551692"
"1843","r551689"
"1844","r551694"
"1845","r551683"
"1846","r551685"
"1848","r551695"
"1849","r2277886"
"1851","r551697"
"1852","r551680"
"1854","r551687"
"1855","r551691"
"1856","r551699"
"1857","r549870"
"1858","r549869"
"1859","r552189"
"1870","r552914"
"1871","r552912"
"1873","r549737"
"1874","r552905"
"1876","r552913"
"1880","r549735"
"1881","r552901"
"1882","r552188"
"1883","r552910"
"1884","r551387"
"1885","r551389"
"1886","r552917"
"1887","r552184"
"1892","r551281"
"1893","r551391"
"1894","r551234"
"1897","r551283"
"1900","r552185"
"1901","r551383"
"1902","r551233"
"1903","r551231"
"1904","r551385"
"1905","r552187"
"1906","r984084"
"1907","r983166"
"1913","r984007"
"1917","r982949"
"1920","r549743"
"1921","r549745"
"1922","r549746"
"1924","r550453"
"1929","r551280"
"1930","r983922"
"1932","r550452"
"1933","r550504"
"1934","r550533"
"1939","r550445"
"1940","r550440"
"1941","r550467"
"1942","r550508"
"1943","r550495"
"1945","r550484"
"1946","r2032123"
"1947","r550475"
"1957","r550535"
"1959","r550523"
"1960","r983838"
"1961","r550501"
"1962","r550454"
"1963","r550473"
"1972","r550481"
"1973","r550439"
"1974","r550506"
"1976","r983754"
"1977","r550446"
"1982","r550537"
"1985","r983438"
"1986","r550486"
"1987","r550438"
"1989","r550447"
"1990","r982929"
"1991","r984161"
"1995","r550436"
"1997","r550531"
"1999","r550517"
"2000","r551927"
"2001","r550518"
"2003","r983684"
"2004","r550479"
"2005","r551900"
"2006","r983772"
"2007","r550503"
"2009","r983476"
"2010","r983387"
"2011","r984198"
"2012","r983279"
"2015","r984098"
"2017","r550632"
"2018","r550629"
"2019","r550787"
"2020","r550597"
"2021","r550633"
"2026","r550601"
"2027","r2907273"
"2028","r549854"
"2029","r550196"
"2031","r550464"
"2032","r550964"
"2033","r550781"
"2034","r550627"
"2040","r550320"
"2045","r550788"
"2046","r550599"
"2047","r550600"
"2048","r550316"
"2050","r550331"
"2051","r551388"
"2053","r551137"
"2054","r550598"
"2055","r550596"
"2056","r550193"
"2057","r550960"
"2069","r550489"
"2071","r550500"
"2072","r550511"
"2073","r550513"
"2077","r550490"
"2078","r550444"
"2079","r550530"
"2084","r2250764"
"2089","r550515"
"2092","r550478"
"2093","r550449"
"2095","r550431"
"2097","r550515"
"2100","r550888"
"2103","r550522"
"2109","r550326"
"2110","r550215"
"2111","r550214"
"2113","r550846"
"2114","r550906"
"2116","r550328"
"2118","r550832"
"2125","r550631"
"2126","r550911"
"2127","r550327"
"2128","r550630"
"2129","r550930"
"2130","r550929"
"2131","r550873"
"2132","r550818"
"2135","r550839"
"2136","r550325"
"2137","r550941"
"2141","r550458"
"2142","r550786"
"2143","r550212"
"2145","r550946"
"2146","r550934"
"2158","r551903"
"2160","r550835"
"2161","r550886"
"2162","r550855"
"2163","r550920"
"2164","r550926"
"2165","r551918"
"2167","r550908"
"2168","r550923"
"2169","r550834"
"2170","r550860"
"2171","r550813"
"2172","r550912"
"2173","r550899"
"2176","r550904"
"2178","r550811"
"2179","r550459"
"2180","r551452"
